Timesteps,Episode Length
10000,474.14285714285717
20000,413.4583333333333
30000,392.0769230769231
40000,378.34615384615387
50000,336.3
60000,241.78571428571428
70000,258.2105263157895
80000,236.69767441860466
90000,223.24444444444444
100000,200.2156862745098
110000,176.42105263157896
120000,249.53658536585365
130000,199.33333333333334
140000,189.2037037037037
150000,168.42372881355934
160000,185.0
170000,165.1451612903226
180000,142.54929577464787
190000,165.75
200000,178.42857142857142
210000,243.42857142857142
220000,216.82978723404256
230000,241.5121951219512
240000,279.75
250000,289.29411764705884
260000,300.2352941176471
270000,275.4054054054054
280000,301.1212121212121
290000,331.76666666666665
300000,300.02941176470586
